Job Title,Address,Time,Job Count,Domain Name,,,
Business Data Analyst,Fremont," CA
2 weeks ago",1,https://www.linkedin.com,,,
Data Analyst,Chicago," IL
1 week ago",1,https://www.linkedin.com,,,
Data Analyst,Santa Monica," CA
2 days ago",1,https://www.linkedin.com,,,
Data Analyst Intern,"Greater Boston
"," CA
1 week ago",1,https://www.linkedin.com,,,
Data Analyst,"United States
Medical insurance "," CA
1 week ago",1,https://www.linkedin.com,,,
Analyst-Data Analytics,New York," NY
6 days ago",1,https://www.linkedin.com,,,
"Data Analyst, Experimentation",New York," NY
1 week ago",3,https://www.linkedin.com,,,
Consumer Insights Data Analyst,Los Angeles," CA
2 days ago",1,https://www.linkedin.com,,,
Data Analyst,Beverly Hills," CA
1 day ago",1,https://www.linkedin.com,,,
"Analyst, Insights & Analysis",New York," NY
1 week ago",3,https://www.linkedin.com,,,
Data Analyst,Austin," TX
1 day ago",1,https://www.linkedin.com,,,
"Analyst, Data Science",Plano," TX
1 week ago",1,https://www.linkedin.com,,,
Data Analyst,"United States
"," CA
Be an early applicant
1 hour ago",1,https://www.linkedin.com,,,
"Analyst, Data Analytics (Remote)",Deerfield," IL
2 days ago",1,https://www.linkedin.com,,,
Data Analyst College Co-op,Detroit," MI
1 week ago",1,https://www.linkedin.com,,,
Business Data Analyst,Media," PA
1 day ago",1,https://www.linkedin.com,,,
Data Analyst I,New York," NY
3 days ago",1,https://www.linkedin.com,,,
Data Analyst,Atlanta," GA
1 week ago",1,https://www.linkedin.com,,,
Data Analyst,"San Diego Metropolitan Area
Be an early applicant
",3 weeks ago,1,https://www.linkedin.com,,,
Junior Data Analyst,Nashville," TN
2 weeks ago",1,https://www.linkedin.com,,,
Business Data Analyst,Houston," TX
1 week ago",1,https://www.linkedin.com,,,
Reporting and Data Analyst,San Francisco," CA
2 days ago",1,https://www.linkedin.com,,,
"Data Analyst, Creation and Interaction - TikTok",San Jose," CA
1 week ago",1,https://www.linkedin.com,,,
Data Analyst,Boston," MA
Medical insurance +7?benefits
1 week ago",1,https://www.linkedin.com,,,
Marketing Data Analyst,Brooklyn," NY
2 weeks ago",1,https://www.linkedin.com,,,
Data Analyst,California," United States
20 hours ago",1,https://www.linkedin.com,,,
Data Analyst,Seattle," WA
Be an early applicant
1 week ago",1,https://www.linkedin.com,,,
Data Analyst,"United States
"," CA
1 week ago",3,https://www.linkedin.com,,,
Business Intelligence Analyst,New York," NY
1 week ago",3,https://www.linkedin.com,,,
Data Analyst,"United States
"," CT
1 week ago",3,https://www.linkedin.com,,,
Data Analyst,New York," United States
6 days ago",3,https://www.linkedin.com,,,
Data Analyst,New York," United States
6 days ago",3,https://www.linkedin.com,,,
Data Analyst,Georgia," United States
2 weeks ago",1,https://www.linkedin.com,,,
Data Analyst,Cupertino," CA
1 week ago",1,https://www.linkedin.com,,,
Junior Data Analyst,Austin," TX
6 days ago",1,https://www.linkedin.com,,,
Data Analyst,New York," United States
6 days ago",3,https://www.linkedin.com,,,
Senior Data Analyst,San Carlos," CA
1 week ago",1,https://www.linkedin.com,,,
Data Analyst,"United States
"," GA
1 week ago",3,https://www.linkedin.com,,,
Marketing Data Analyst,Orlando," FL
2 days ago",1,https://www.linkedin.com,,,
Marketing Data Analyst,Austin," TX
2 days ago",1,https://www.linkedin.com,,,
Data Analyst,"United States
"," MA
2 weeks ago",1,https://www.linkedin.com,,,
Data Analyst,"New York City Metropolitan Area
"," PA
1 day ago",1,https://www.linkedin.com,,,
"Data Analyst, Trust and Safety, Search",Austin," TX
1 week ago",1,https://www.linkedin.com,,,
Business Intelligence Analyst,Manhattan," NY
3 days ago",1,https://www.linkedin.com,,,
Data Analyst,Minneapolis," MN
1 week ago",1,https://www.linkedin.com,,,
Data Analyst,Boston," MA
2 weeks ago",1,https://www.linkedin.com,,,
Jr. Data Analyst,Southlake," TX
15 hours ago",1,https://www.linkedin.com,,,
"Data Analyst, People Development",New York," NY
1 day ago",1,https://www.linkedin.com,,,
Data Analyst,Atlanta," GA
20 hours ago",1,https://www.linkedin.com,,,
Analytics Rep,New York," NY
2 weeks ago",1,https://www.linkedin.com,,,
Data Center Research Analyst,"United States
"," NY
6 days ago",1,https://www.linkedin.com,,,
Data Analyst,Alpharetta," GA
1 week ago",1,https://www.linkedin.com,,,
Data Analyst,Atlanta," GA
Medical insurance 
6 days ago",1,https://www.linkedin.com,,,
Product Information Analyst I,Beaverton," OR
1 week ago",1,https://www.linkedin.com,,,
Data Analyst,Chicago," IL
3 days ago",1,https://www.linkedin.com,,,
Data Analyst,"New York City Metropolitan Area
",13 hours ago,1,https://www.linkedin.com,,,
Data Analyst,California," United States
12 hours ago",1,https://www.linkedin.com,,,
Data Analyst (Remote),Bloomfield," CT
1 week ago",1,https://www.linkedin.com,,,
Analytics Analyst,Chicago," IL
2 days ago",1,https://www.linkedin.com,,,
Data Analyst,Atlanta," GA
Medical insurance +5?benefits
1 week ago",1,https://www.linkedin.com,,,
Project Coordinator,Pearland," TX
Be an early applicant
1 hour ago",1,https://www.linkedin.com,,,
Head of Ecommerce,Brooklyn," NY
Be an early applicant
29 minutes ago",1,https://www.linkedin.com,,,
Security Guard,Irvine," CA
Be an early applicant
1 hour ago",1,https://www.linkedin.com,,,
Litigation Paralegal,Los Angeles," CA
Be an early applicant
1 hour ago",3,https://www.linkedin.com,,,
Senior Scheduler/Part-Time,New York," NY
Be an early applicant
1 hour ago",2,https://www.linkedin.com,,,
Cashier,Verona," WI
Be an early applicant
47 minutes ago",1,https://www.linkedin.com,,,
"Customer Service Representative, Fitness (Remote, $15/hr)","United States
Be an early applicant
"," MA
Be an early applicant
1 hour ago",1,https://www.linkedin.com,,,
Copywriter,Los Angeles," CA
Be an early applicant
33 minutes ago",1,https://www.linkedin.com,,,
Executive Assistant,New York," NY
Be an early applicant
1 hour ago",2,https://www.linkedin.com,,,
Sr. SMB Solutions Marketing Manager,New York," NY
Be an early applicant
26 minutes ago",1,https://www.linkedin.com,,,
Bilingual Spanish Research Assistant (Variable Part-Time),Denver," CO
Be an early applicant
1 day ago",1,https://www.linkedin.com,,,
Logistics Lead,Wilmington," OH
Be an early applicant
1 hour ago",1,https://www.linkedin.com,,,
Content Creator and Social Media Specialist,Independence," OH
Be an early applicant
1 day ago",1,https://www.linkedin.com,,,
"General Manager, Owned & Operated",Omaha," NE
Be an early applicant
1 hour ago",1,https://www.linkedin.com,,,
7th Grade Math,Splendora," TX
Be an early applicant
1 day ago",2,https://www.linkedin.com,,,
"COORDINATOR SPECIAL PROGRAMS HEALTH SERVICES II, Health Services",Maryland," United States
Be an early applicant
1 hour ago",4,https://www.linkedin.com,,,
8th Grade Math/Algebra,Splendora," TX
Be an early applicant
1 day ago",2,https://www.linkedin.com,,,
Senior Wellness Program Director,Hawaii," United States
Be an early applicant
1 hour ago",1,https://www.linkedin.com,,,
UX Researcher (Software),Washington," DC
Be an early applicant
1 hour ago",1,https://www.linkedin.com,,,
Senior Sales Performance Consultant,Chicago," IL
Be an early applicant
26 minutes ago",1,https://www.linkedin.com,,,
Dishwasher,New Orleans," LA
Be an early applicant
1 hour ago",2,https://www.linkedin.com,,,
Dishwasher,New Orleans," LA
Be an early applicant
1 hour ago",2,https://www.linkedin.com,,,
Frito-Lay - Warehouser/Material Handler $16-$35/hr,Venice," FL
Be an early applicant
25 minutes ago",1,https://www.linkedin.com,,,
Educational Learning Specialist,Provo," UT
Be an early applicant
1 hour ago",1,https://www.linkedin.com,,,
Director of Quality Assurance,Los Angeles," CA
Be an early applicant
1 hour ago",3,https://www.linkedin.com,,,
Museum Attendant,Ontario," CA
Be an early applicant
34 minutes ago",1,https://www.linkedin.com,,,
Head of Marketing Strategy and Operations,San Francisco," CA
Be an early applicant
1 hour ago",1,https://www.linkedin.com,,,
Account Coordinator,"New York City Metropolitan Area
Be an early applicant
",49 minutes ago,1,https://www.linkedin.com,,,
Receptionist,Gig Harbor," WA
Be an early applicant
2 hours ago",1,https://www.linkedin.com,,,
"Aircraft Detailing Supervisor - Charlotte, NC",Charlotte," NC
Be an early applicant
2 hours ago",1,https://www.linkedin.com,,,
Family Investment Administration//Office of Home Energy Programs ADMINISTRATOR III,Maryland," United States
Be an early applicant
1 hour ago",4,https://www.linkedin.com,,,
Channel Sales National Account Manager,Chicago," IL
Be an early applicant
2 hours ago",1,https://www.linkedin.com,,,
Research Technician - Aerial Observer,Boston," MA
Be an early applicant
1 hour ago",1,https://www.linkedin.com,,,
Security Officer - Full Time - $25.56/hr,Washington," DC
Be an early applicant
2 hours ago",1,https://www.linkedin.com,,,
ADMINISTRATIVE SPECIALIST I FULL-TIME CONTRACTUAL,Maryland," United States
Be an early applicant
1 hour ago",4,https://www.linkedin.com,,,
WAREHOUSE GENERAL LABOR,Los Angeles," CA
Be an early applicant
32 minutes ago",1,https://www.linkedin.com,,,
Production Manager,Los Angeles," CA
Be an early applicant
1 hour ago",3,https://www.linkedin.com,,,
Director of Recruitment and Staffing Program Manager Senior I,Maryland," United States
Be an early applicant
1 hour ago",4,https://www.linkedin.com,,,
Data Analyst,Brooklyn," NY
Be an early applicant
1 hour ago",1,https://www.linkedin.com,,,
Brand Marketing & Communications - Graphic Designer,Englewood," CO
Be an early applicant
1 hour ago",1,https://www.linkedin.com,,,
Data Analytics Intern - Business Intelligence,Lincoln," NE
Be an early applicant
2 hours ago",1,https://www.linkedin.com,,,
Dispatcher,Salt Lake City," UT
Be an early applicant
35 minutes ago",1,https://www.linkedin.com,,,
HR Assistant,Daly City," CA
Be an early applicant
33 minutes ago",1,https://www.linkedin.com,,,
Account Executive,Georgia," United States
Be an early applicant
1 hour ago",1,https://www.linkedin.com,,,
Agente de Neg?cios,South Carolina," United States
Be an early applicant
51 minutes ago",1,https://www.linkedin.com,,,
Construction Laborer,Duluth," MN
Be an early applicant
51 minutes ago",1,https://www.linkedin.com,,,
Production Management Specialist 5-8-2025,Warner Robins," GA
Be an early applicant
2 hours ago",1,https://www.linkedin.com,,,
Purchasing Administrator,Johnston," RI
Be an early applicant
2 hours ago",1,https://www.linkedin.com,,,
Head of Product - Zoom Team Chat,"United States
Be an early applicant
",49 minutes ago,1,https://www.linkedin.com,,,
Habitat Restoration Intern,California," United States
Be an early applicant
2 hours ago",1,https://www.linkedin.com,,,
